bandwidth,theta,se,p_value
13,0.08023024677154683,0.10024972642737891,0.43172397777632826
26,0.00375510283111824,0.09608569901510572,0.9689847908605198
