Tier,Outcome,Excess_Jump,Std_Err,P_value,N
Broad,post_ai_downloads_alltime,-9.138996432886985,2.542199290967374,0.0003244945290116573,88001
