Tier,Outcome,Excess_Jump,Std_Err,P_value,N
Broad,post_ai_downloads_alltime,-9.138996432886985,2.542199290967374,0.0003244945290116573,88001
Successful (min500@26w),post_ai_downloads_alltime,-12.791775813949169,1.7749569518187205,5.727823762556614e-13,75313
Superstar (min1000@26w),post_ai_downloads_alltime,-0.5531040565571465,0.09203142967852122,1.8558346667632132e-09,57931
