Tier,Outcome,Excess_Jump,Std_Err,P_value,N
Broad,total_downloads_52wk,-1.2021245224110904,1.5211169448875315,0.4293580370712392,88001
Broad,post_ai_downloads_alltime,-9.138996432886985,4.424936790973489,0.03889089517241189,88001
