Tier,Outcome,Excess_Jump,Std_Err,P_value,N
Broad,post_ai_downloads_alltime,-9.138996432886985,1.7997467107361538,3.8155960165073287e-07,88001
Successful (min500@26w),post_ai_downloads_alltime,-12.791775813949169,1.636192794825773,5.366383937885992e-15,75313
Superstar (min1000@26w),post_ai_downloads_alltime,-0.5531040565571465,0.16369082378020025,0.0007276170845815084,57931
