Tier,Outcome,Excess_Jump,Std_Err,P_value,N
Broad,post_ai_downloads_alltime,-9.138996432886985,1.7997467107361538,3.8155960165073287e-07,88001
