Label,Outcome,Estimate,Std.Err,P-value,Estimate_Conv,Std.Err_Conv,P-value_Conv,Estimate_BC,Std.Err_BC,P-value_BC,N,BW,Donut,Method
Placebo: Placebo_2018,post_ai_downloads_alltime,-156.61837465029038,6.379183713502605,4.170848846878799e-133,0.6622519354027077,0.6102865764390123,0.2778556192033489,-156.61837465029038,0.6102865764390123,0.0,371865,13,Yes,rdrobust (Robust/BC/Conv)
Placebo: Placebo_2019,post_ai_downloads_alltime,21.15162127153462,5.307694968702486,6.745567115875708e-05,0.696575633885228,0.4667098926767654,0.13556187636671374,21.15162127153462,0.4667098926767654,0.0,387353,13,Yes,rdrobust (Robust/BC/Conv)
Placebo: Placebo_2020,post_ai_downloads_alltime,25.889337224118954,3.9265556261332755,4.298771391970856e-11,15.963292753883955,0.3346932785917334,0.0,25.889337224118954,0.3346932785917334,0.0,467876,13,Yes,rdrobust (Robust/BC/Conv)
Main: Median RDD (Post-AI),post_ai_downloads_alltime,1903.035714078549,715.4011657193606,0.007815932375525662,,,,,,,30450,13,Yes,QuantReg(0.5)
