BW,Excess_Jump,Std_Err,P_value,N
13,-12.791775813949169,1.636192794825773,5.366383937885992e-15,75313
15,-10.803564293762602,0.9510107961133325,6.607966508372072e-30,92291
18,-7.7860363017210386,0.9579740802782082,4.378501123514037e-16,119296
26,-4.273461072196458,1.042830690831554,4.1683729774085956e-05,196602
