Label,Outcome,Estimate,Std.Err,P-value,Estimate_Conv,Std.Err_Conv,P-value_Conv,Estimate_BC,Std.Err_BC,P-value_BC,N,BW,Donut,Method
GitHub BW: 8w,post_ai_imports_alltime,,,,,,,,,,0,8,Yes,rdrobust ERROR: LinAlgError
GitHub BW: 13w,post_ai_imports_alltime,26.766956974876713,10.932055604441759,0.01434590294542056,1.1578530848408217,0.8731812693481967,0.18483411289092078,26.766956974876713,0.8731812693481967,2.3000879105102112e-206,28243,13,Yes,rdrobust (Robust/BC/Conv)
GitHub BW: 18w,post_ai_imports_alltime,2.909892480713495,1.9182511786604406,0.12927912996323007,0.31171548042636754,0.3794604698654368,0.41137847302882014,2.909892480713495,0.3794604698654368,1.740198355025132e-14,28243,18,Yes,rdrobust (Robust/BC/Conv)
GitHub BW: 26w,post_ai_imports_alltime,0.260586966194011,0.6835127787605025,0.7030202267482863,0.21908079778127476,0.2068387858903633,0.289514966266614,0.260586966194011,0.2068387858903633,0.20772152185630632,28243,26,Yes,rdrobust (Robust/BC/Conv)
GitHub BW: 39w,post_ai_imports_alltime,0.525906880139206,0.31892669672597385,0.09914971776803475,-0.09935027797024354,0.1370077000832648,0.4683638444632726,0.525906880139206,0.1370077000832648,0.0001237778278129478,28243,39,Yes,rdrobust (Robust/BC/Conv)
GitHub BW: 52w,post_ai_imports_alltime,0.21806736171244978,0.21341424847202,0.30687405518668354,-0.26802742971039173,0.11188599854972131,0.016595885223675503,0.21806736171244978,0.11188599854972131,0.05129376976864933,28243,52,Yes,rdrobust (Robust/BC/Conv)
