BW,Excess_Jump,Std_Err,P_value,N
8,139046230618.82996,915313568724.8289,0.879257105462657,31355
10,36886915526.51538,1.4909494652195794e+16,0.999998025989406,47375
13,-12.791775813949169,1.7749569518187205,5.727823762556614e-13,75313
15,-10.803564293762602,0.9286590760291825,2.784105649324976e-31,92291
18,-7.7860363017210386,1.013788888290844,1.589200722240409e-14,119296
26,-4.273461072196458,1.0673622596140713,6.234392144004819e-05,196602
