BW,Excess_Jump,Std_Err,P_value,N
13,-12.791775813949169,4.826844331235554,0.008046026918161172,75313
15,-10.803564293762602,3.10464311223761,0.0005017718187595563,92291
18,-7.7860363017210386,2.2148808961458384,0.00043920857048379254,119296
26,-4.273461072196458,1.4142044779640286,0.0025126595634969865,196602
